Curso_Nombre,Entidad_Certifica,Categoria_Relacion,Herramienta_Principal,Horas_Curso,Fuente,URL_Acceso,Audit_Timestamp
Introducción a la ciberseguridad,Cisco,"Redes, Ciberseguridad e Infraestructura",Ciberseguridad,15 horas,Class Central,https://www.classcentral.com/course/cisco-introduction-to-cybersecurity-97415,2026-02-08 18:38:54.650784
NDG Linux sin eclosionar,Cisco,"Redes, Ciberseguridad e Infraestructura",Infraestructura y Redes,8 horas,Class Central,https://www.classcentral.com/course/networking-academy-ndg-linux-unhatched-97419,2026-02-08 18:38:54.650784
Conceptos básicos de Linux de NDG,Cisco,"Redes, Ciberseguridad e Infraestructura",Infraestructura y Redes,70 horas,Class Central,https://www.classcentral.com/course/networking-academy-ndg-linux-essentials-97420,2026-02-08 18:38:54.650784
CPA: Conceptos básicos de programación en C++,Cisco,Desarrollo de Software y Web,Desarrollo de Software / Web,70 horas,Class Central,https://www.classcentral.com/course/networking-academy-cpa-programming-essentials-in-c-plus-plus-97422,2026-02-08 18:38:54.650784
Introducción a la IO,Cisco,"STEM y Ciencias Básicas (Cálculo, Física, Programación básica)",General,20 horas,Class Central,https://www.classcentral.com/course/networking-academy-introduction-to-iot-97417,2026-02-08 18:38:54.650784
Conceptos básicos de Python 1,Cisco,"Ciencia y Análisis de Datos (Data Science, Analytics, SQL)",Python,75 horas,Class Central,https://www.classcentral.com/course/networking-academy-pcap-programming-essentials-in-python-97421,2026-02-08 18:38:54.650784
Introducción a la programación con Python,CodeSignal,"Ciencia y Análisis de Datos (Data Science, Analytics, SQL)",Python,8 horas,Class Central,https://www.classcentral.com/course/codesignal-introduction-to-programming-with-python-361246,2026-02-08 18:38:54.650784
Preparación para entrevistas de codificación de cuatro semanas en Python,CodeSignal,"Ciencia y Análisis de Datos (Data Science, Analytics, SQL)",Python,12 horas,Class Central,https://www.classcentral.com/course/codesignal-four-week-coding-interview-prep-in-python-361276,2026-02-08 18:38:54.650784
Ingeniería rápida para todos,CodeSignal,"STEM y Ciencias Básicas (Cálculo, Física, Programación básica)",General,5 horas,Class Central,https://www.classcentral.com/course/codesignal-prompt-engineering-for-everyone-361241,2026-02-08 18:38:54.650784
Introducción integral a la ingeniería front-end,CodeSignal,Desarrollo de Software y Web,Desarrollo de Software / Web,12 horas,Class Central,https://www.classcentral.com/course/codesignal-comprehensive-introduction-to-front-end-engineering-361237,2026-02-08 18:38:54.650784
Programación JavaScript para principiantes,CodeSignal,Desarrollo de Software y Web,Desarrollo de Software / Web,12 horas,Class Central,https://www.classcentral.com/course/codesignal-javascript-programming-for-beginners-361232,2026-02-08 18:38:54.650784
Programación Java para principiantes,CodeSignal,Desarrollo de Software y Web,Desarrollo de Software / Web,12 horas,Class Central,https://www.classcentral.com/course/codesignal-java-programming-for-beginners-361233,2026-02-08 18:38:54.650784
Implementación de algoritmos de IA desde cero,CodeSignal,Inteligencia Artificial y Machine Learning,Inteligencia Artificial,21 horas,Class Central,https://www.classcentral.com/course/codesignal-implementing-ai-algorithms-from-scratch-361243,2026-02-08 18:38:54.650784
Introducción al aprendizaje automático con SciKit Learn,CodeSignal,Inteligencia Artificial y Machine Learning,Inteligencia Artificial,18 horas,Class Central,https://www.classcentral.com/course/codesignal-introduction-to-machine-learning-with-scikit-learn-361274,2026-02-08 18:38:54.650784
Supercomunicadores: tenga conversaciones que importen,CodeSignal,"Ofimática y Productividad (Excel, Power BI, Office)",Habilidades Blandas,5 horas,Class Central,https://www.classcentral.com/course/codesignal-supercommunicators-have-conversations-that-matter-416625,2026-02-08 18:38:54.650784
Atrévete a liderar: desbloquea un liderazgo valiente,CodeSignal,"Ofimática y Productividad (Excel, Power BI, Office)",Habilidades Blandas,5 horas,Class Central,https://www.classcentral.com/course/codesignal-dare-to-lead-unlock-courageous-leadership-416624,2026-02-08 18:38:54.650784
Certificación de diseño web responsivo,freeCodeCamp,Desarrollo de Software y Web,Desarrollo de Software / Web,300 horas,Class Central,https://www.classcentral.com/course/freecodecamp-responsive-web-design-v9-515064,2026-02-08 18:38:54.650784
Base de datos relacional,freeCodeCamp,"Ciencia y Análisis de Datos (Data Science, Analytics, SQL)",SQL / Databases,300 horas,Class Central,https://www.classcentral.com/course/freecodecamp-relational-databases-v9-515068,2026-02-08 18:38:54.650784
Certificación de JavaScript,freeCodeCamp,Desarrollo de Software y Web,Desarrollo de Software / Web,300 horas,Class Central,https://www.classcentral.com/course/freecodecamp-javascript-v9-515065,2026-02-08 18:38:54.650784
C# fundamental con Microsoft,freeCodeCamp,Desarrollo de Software y Web,Desarrollo de Software / Web,No especifica,Class Central,https://www.classcentral.com/course/freecodecamp-foundational-c-sharp-with-microsoft-284467,2026-02-08 18:38:54.650784
Desarrollador certificado Full Stack,freeCodeCamp,"STEM y Ciencias Básicas (Cálculo, Física, Programación básica)",General,300 horas,Class Central,https://www.classcentral.com/course/freecodecamp-full-stack-developer-v9-515070,2026-02-08 18:38:54.650784
Python,freeCodeCamp,"Ciencia y Análisis de Datos (Data Science, Analytics, SQL)",Python,300 horas,Class Central,https://www.classcentral.com/course/freecodecamp-python-v9-515067,2026-02-08 18:38:54.650784
Introducción a la IA generativa,Google,Inteligencia Artificial y Machine Learning,Inteligencia Artificial,45 minutos,Class Central,https://www.classcentral.com/course/introduction-to-generative-ai-199878,2026-02-08 18:38:54.650784
Introducción a la IA responsable,Google,Inteligencia Artificial y Machine Learning,Inteligencia Artificial,30 minutos,Class Central,https://www.classcentral.com/course/introduction-to-responsible-ai-199886,2026-02-08 18:38:54.650784
Introducción a la generación de imágenes,Google,"STEM y Ciencias Básicas (Cálculo, Física, Programación básica)",General,30 minutos,Class Central,https://www.classcentral.com/course/introduction-to-image-generation-199881,2026-02-08 18:38:54.650784
Observación de la Tierra a escala planetaria con Google Earth Engine,Google,"STEM y Ciencias Básicas (Cálculo, Física, Programación básica)",General,8 horas,Class Central,https://www.classcentral.com/course/planetary-scale-earth-observation-with-google-ear-199858,2026-02-08 18:38:54.650784
Introducción a los modelos de lenguaje grandes,Google,"STEM y Ciencias Básicas (Cálculo, Física, Programación básica)",General,1 hora,Class Central,https://www.classcentral.com/course/introduction-to-large-language-models-199879,2026-02-08 18:38:54.650784
Certificación de Google Analytics,Google,"Ciencia y Análisis de Datos (Data Science, Analytics, SQL)",Data Analytics / BI,5-6 horas,Class Central,https://www.classcentral.com/course/skillshop-google-analytics-certification-126436,2026-02-08 18:38:54.650784
Crea tu primera aplicación web con Firebase,Google,Desarrollo de Software y Web,Desarrollo de Software / Web,No especifica,Class Central,https://firebase.google.com/learn/pathways/firebase-web,2026-02-08 18:38:54.650784
Crea aplicaciones con Flutter,Google,Desarrollo de Software y Web,Desarrollo Móvil,No especifica,Class Central,https://developers.google.com/learn/pathways/intro-to-flutter?hl=en,2026-02-08 18:38:54.650784
Introducción a SQL,Google,"Ciencia y Análisis de Datos (Data Science, Analytics, SQL)",SQL / Databases,No especifica,Class Central,https://developer.android.com/courses/pathways/android-basics-compose-unit-6-pathway-1,2026-02-08 18:38:54.650784
Obtener datos de Internet,Google,"STEM y Ciencias Básicas (Cálculo, Física, Programación básica)",General,No especifica,Class Central,https://developer.android.com/courses/pathways/android-basics-compose-unit-5-pathway-1,2026-02-08 18:38:54.650784
Adaptarse a diferentes tamaños de pantalla,Google,"STEM y Ciencias Básicas (Cálculo, Física, Programación básica)",General,No especifica,Class Central,https://developer.android.com/courses/pathways/android-basics-compose-unit-4-pathway-3,2026-02-08 18:38:54.650784
Fundamentos de Kotlin,Google,Desarrollo de Software y Web,Desarrollo Móvil,No especifica,Class Central,https://developer.android.com/courses/pathways/android-basics-compose-unit-2-pathway-1,2026-02-08 18:38:54.650784
Desarrollar localmente con Firebase,Google,Desarrollo de Software y Web,Desarrollo Móvil,No especifica,Class Central,https://firebase.google.com/learn/pathways/firebase-emulators,2026-02-08 18:38:54.650784
Haz que tu aplicación de Android sea más accesible,Google,Desarrollo de Software y Web,Desarrollo Móvil,No especifica,Class Central,https://developer.android.com/courses/pathways/make-your-android-app-accessible,2026-02-08 18:38:54.650784
Cree aplicaciones multiplataforma con Angular,Google,Desarrollo de Software y Web,Desarrollo de Software / Web,No especifica,Class Central,https://developers.google.com/learn/pathways/cross-platform-apps-with-angular?hl=en,2026-02-08 18:38:54.650784
Conceptos básicos de Jetpack Compose,Google,Desarrollo de Software y Web,Desarrollo Móvil,No especifica,Class Central,https://developer.android.com/codelabs/jetpack-compose-basics?hl=en,2026-02-08 18:38:54.650784
Ingeniería de confiabilidad del sitio: medición y gestión de la confiabilidad,Google,"STEM y Ciencias Básicas (Cálculo, Física, Programación básica)",General,3 horas,Class Central,https://www.classcentral.com/course/site-reliability-engineering-measuring-and-managi-199733,2026-02-08 18:38:54.650784
Mecanismo de atención,Google,Inteligencia Artificial y Machine Learning,Inteligencia Artificial,30 minutos,Class Central,https://www.classcentral.com/course/attention-mechanism-199876,2026-02-08 18:38:54.650784
Modelos de transformadores y modelo BERT,Google,Inteligencia Artificial y Machine Learning,Inteligencia Artificial,30 minutos,Class Central,https://www.classcentral.com/course/transformer-models-and-bert-model-199877,2026-02-08 18:38:54.650784
Crear modelos de subtítulos de imágenes,Google,"STEM y Ciencias Básicas (Cálculo, Física, Programación básica)",General,30 minutos,Class Central,https://www.classcentral.com/course/create-image-captioning-models-199882,2026-02-08 18:38:54.650784
Arquitectura codificador-decodificador,Google,"STEM y Ciencias Básicas (Cálculo, Física, Programación básica)",General,30 minutos,Class Central,https://www.classcentral.com/course/encoder-decoder-architecture-199883,2026-02-08 18:38:54.650784
Fundamentos de infraestructura de nube híbrida con Anthos,Google,"Redes, Ciberseguridad e Infraestructura",Infraestructura y Redes,1 hora,Class Central,https://www.classcentral.com/course/hybrid-cloud-infrastructure-foundations-with-anth-199658,2026-02-08 18:38:54.650784
Preparación para el examen de ingeniero de datos profesional de Google Cloud,Google,"Redes, Ciberseguridad e Infraestructura",Infraestructura y Redes,5 horas,Class Central,https://www.classcentral.com/course/preparing-for-the-google-cloud-professional-data--199665,2026-02-08 18:38:54.650784
Comprender la seguridad y las operaciones de Google Cloud,Google,"Redes, Ciberseguridad e Infraestructura",Ciberseguridad,1 hora,Class Central,https://www.classcentral.com/course/understanding-google-cloud-security-and-operation-199728,2026-02-08 18:38:54.650784
Innovando con datos y Google Cloud,Google,"Redes, Ciberseguridad e Infraestructura",Infraestructura y Redes,1 hora 15 minutos,Class Central,https://www.classcentral.com/course/innovating-with-data-and-google-cloud-199729,2026-02-08 18:38:54.650784
Modernización de infraestructura y aplicaciones con Google Cloud,Google,"Redes, Ciberseguridad e Infraestructura",Infraestructura y Redes,1 hora,Class Central,https://www.classcentral.com/course/infrastructure-and-application-modernization-with-199730,2026-02-08 18:38:54.650784
Desarrollando una cultura SRE de Google,Google,"Redes, Ciberseguridad e Infraestructura",Infraestructura y Redes,8 horas,Class Central,https://www.classcentral.com/course/developing-a-google-sre-culture-199734,2026-02-08 18:38:54.650784
Gestionar el cambio al migrar a Google Cloud,Google,"Redes, Ciberseguridad e Infraestructura",Infraestructura y Redes,1 hora 30 minutos,Class Central,https://www.classcentral.com/course/managing-change-when-moving-to-google-cloud-199735,2026-02-08 18:38:54.650784
Implementación de SAP en Google Cloud,Google,"Redes, Ciberseguridad e Infraestructura",Infraestructura y Redes,2 horas 15 minutos,Class Central,https://www.classcentral.com/course/deploying-sap-on-google-cloud-199736,2026-02-08 18:38:54.650784
La plataforma de datos moderna y LookML,Google,Inteligencia Artificial y Machine Learning,Inteligencia Artificial,1 hora 45 minutos,Class Central,https://www.classcentral.com/course/the-modern-data-platform-and-lookml-199744,2026-02-08 18:38:54.650784
Transformación Digital con Google Cloud,Google,"Redes, Ciberseguridad e Infraestructura",Infraestructura y Redes,2 horas,Class Central,https://www.classcentral.com/course/digital-transformation-with-google-cloud-199750,2026-02-08 18:38:54.650784
Administrar y proteger la plataforma API híbrida de Apigee,Google,"Redes, Ciberseguridad e Infraestructura",Infraestructura y Redes,1 hora,Class Central,https://www.classcentral.com/course/managing-and-securing-the-apigee-hybrid-api-platf-199764,2026-02-08 18:38:54.650784
Actualización y monitoreo de la plataforma API híbrida de Apigee,Google,"Redes, Ciberseguridad e Infraestructura",Infraestructura y Redes,8 horas,Class Central,https://www.classcentral.com/course/upgrading-and-monitoring-the-apigee-hybrid-api-pl-199789,2026-02-08 18:38:54.650784
Preparándose para su viaje profesional como ingeniero de seguridad en la nube,Google,"Redes, Ciberseguridad e Infraestructura",Ciberseguridad,8 horas 30 minutos,Class Central,https://www.classcentral.com/course/preparing-for-your-professional-cloud-security-en-199791,2026-02-08 18:38:54.650784
Preparándose para su viaje como ingeniero asociado en la nube,Google,"Redes, Ciberseguridad e Infraestructura",Infraestructura y Redes,7 horas 30 minutos,Class Central,https://www.classcentral.com/course/preparing-for-your-associate-cloud-engineer-journ-199792,2026-02-08 18:38:54.650784
Preparándose para su viaje como arquitecto profesional de la nube,Google,"Redes, Ciberseguridad e Infraestructura",Infraestructura y Redes,8 horas,Class Central,https://www.classcentral.com/course/preparing-for-your-professional-cloud-architect-j-199815,2026-02-08 18:38:54.650784
Innovando con datos y Google Cloud,Google,"Redes, Ciberseguridad e Infraestructura",Infraestructura y Redes,8 horas,Class Central,https://www.classcentral.com/course/innovating-with-data-and-google-cloud-199836,2026-02-08 18:38:54.650784
Preparándose para su viaje profesional como ingeniero de redes en la nube,Google,"Redes, Ciberseguridad e Infraestructura",Infraestructura y Redes,1 dia,Class Central,https://www.classcentral.com/course/preparing-for-your-professional-cloud-network-eng-199842,2026-02-08 18:38:54.650784
Fundamentos de diseño para streaming con Google Cloud,Google,"Redes, Ciberseguridad e Infraestructura",Infraestructura y Redes,8 horas,Class Central,https://www.classcentral.com/course/design-foundations-for-streaming-with-google-clou-199870,2026-02-08 18:38:54.650784
Introducción a la identidad en la nube,Google,"Redes, Ciberseguridad e Infraestructura",Infraestructura y Redes,3 horas 15 minutos,Class Central,https://www.classcentral.com/course/introduction-to-cloud-identity-199732,2026-02-08 18:38:54.650784
Certificación de habilidades (básicas) de resolución de problemas,HackerRank,"STEM y Ciencias Básicas (Cálculo, Física, Programación básica)",General,No especifica,Class Central,https://www.hackerrank.com/skills-verification/problem_solving_basic,2026-02-08 18:38:54.650784
Certificación de habilidades de Python (básicas),HackerRank,"Ciencia y Análisis de Datos (Data Science, Analytics, SQL)",Python,No especifica,Class Central,https://www.hackerrank.com/skills-verification/python_basic,2026-02-08 18:38:54.650784
Certificación de habilidades Java (básicas),HackerRank,Desarrollo de Software y Web,Desarrollo de Software / Web,No especifica,Class Central,https://www.hackerrank.com/skills-verification/java_basic,2026-02-08 18:38:54.650784
Certificación de habilidades C# (básicas),HackerRank,Desarrollo de Software y Web,Desarrollo de Software / Web,No especifica,Class Central,https://www.hackerrank.com/skills-verification/c_sharp_basic,2026-02-08 18:38:54.650784
Certificación de habilidades de JavaScript (básico),HackerRank,Desarrollo de Software y Web,Desarrollo de Software / Web,No especifica,Class Central,https://www.hackerrank.com/skills-verification/javascript_basic,2026-02-08 18:38:54.650784
Certificación de habilidades SQL (básicas),HackerRank,"Ciencia y Análisis de Datos (Data Science, Analytics, SQL)",SQL / Databases,No especifica,Class Central,https://www.hackerrank.com/skills-verification/sql_basic,2026-02-08 18:38:54.650784
Certificación de habilidades Go (básicas),HackerRank,Desarrollo de Software y Web,Go (Golang),No especifica,Class Central,https://www.hackerrank.com/skills-verification/golang_basic,2026-02-08 18:38:54.650784
Certificación de Habilidades R (Básicas),HackerRank,"Ciencia y Análisis de Datos (Data Science, Analytics, SQL)",R,No especifica,Class Central,https://www.hackerrank.com/skills-verification/r_basic,2026-02-08 18:38:54.650784
Certificación de habilidades de nodo (básicas),HackerRank,"STEM y Ciencias Básicas (Cálculo, Física, Programación básica)",General,No especifica,Class Central,https://www.hackerrank.com/skills-verification/nodejs_basic,2026-02-08 18:38:54.650784
Introducción a la informática,Harvard University,"STEM y Ciencias Básicas (Cálculo, Física, Programación básica)",General,No especifica,Class Central,https://www.classcentral.com/course/edx-cs50-s-introduction-to-computer-science-442,2026-02-08 18:38:54.650784
Ciencias de la Computación para Profesionales de Negocios,Harvard University,"STEM y Ciencias Básicas (Cálculo, Física, Programación básica)",Computación Científica,"6 semanas, 2-6 horas a la semana",Class Central,https://www.classcentral.com/course/edx-cs50-s-computer-science-for-business-professionals-10143,2026-02-08 18:38:54.650784
Introducción a la Inteligencia Artificial con Python,Harvard University,"Ciencia y Análisis de Datos (Data Science, Analytics, SQL)",Python,"7 semanas, 10-30 horas a la semana",Class Central,https://www.classcentral.com/course/edx-cs50-s-introduction-to-artificial-intelligence-with-python-18122,2026-02-08 18:38:54.650784
Programación web con Python y JavaScript,Harvard University,"Ciencia y Análisis de Datos (Data Science, Analytics, SQL)",Python,"12 semanas, 6-9 horas a la semana",Class Central,https://www.classcentral.com/course/edx-cs50-s-web-programming-with-python-and-javascript-11506,2026-02-08 18:38:54.650784
Informática para abogados,Harvard University,"STEM y Ciencias Básicas (Cálculo, Física, Programación básica)",General,"10 semanas, 3-6 horas a la semana",Class Central,https://www.classcentral.com/course/edx-cs50-s-computer-science-for-lawyers-16857,2026-02-08 18:38:54.650784
Introducción a la programación con Python,Harvard University,"Ciencia y Análisis de Datos (Data Science, Analytics, SQL)",Python,No especifica,Class Central,https://www.classcentral.com/course/cs50s-introduction-to-programming-with-python-58275,2026-02-08 18:38:54.650784
Introducción a la programación con Scratch,Harvard University,Desarrollo de Software y Web,Desarrollo de Software / Web,"3 semanas, 2-6 horas por semana",Class Central,https://www.classcentral.com/course/cs50s-introduction-to-programming-with-scratch-39309,2026-02-08 18:38:54.650784
Introducción a la ciberseguridad,Harvard University,"Redes, Ciberseguridad e Infraestructura",Ciberseguridad,"5 semanas, 2-6 horas a la semana",Class Central,https://www.classcentral.com/course/cybersecurity-harvard-university-cs50-s-introduct-152356,2026-02-08 18:38:54.650784
Introducción a las Bases de Datos con SQL,Harvard University,"Ciencia y Análisis de Datos (Data Science, Analytics, SQL)",SQL / Databases,"7 semanas, 6-12 horas a la semana",Class Central,https://www.classcentral.com/course/sql-harvard-university-cs50-s-introduction-to-dat-152357,2026-02-08 18:38:54.650784
Introducción a la programación con R,Harvard University,"Ciencia y Análisis de Datos (Data Science, Analytics, SQL)",R,"7 semanas, 6-12 horas a la semana",Class Central,https://www.classcentral.com/course/r-programming-harvard-university-cs50-s-introduct-274066,2026-02-08 18:38:54.650784
Comprensión de las incrustaciones para el procesamiento del lenguaje natural,Hasso Plattner Institute,Inteligencia Artificial y Machine Learning,Inteligencia Artificial,No especifica,Class Central,https://open.hpi.de/courses/embeddingsfornlp-kisz2023,2026-02-08 18:38:54.650784
Curso intensivo de ciencia de datos,Hasso Plattner Institute,"Ciencia y Análisis de Datos (Data Science, Analytics, SQL)",Ciencia de Datos,No especifica,Class Central,https://open.hpi.de/courses/datascience2023,2026-02-08 18:38:54.650784
Introducción al análisis de datos bayesianos,Hasso Plattner Institute,"Ciencia y Análisis de Datos (Data Science, Analytics, SQL)",Ciencia de Datos,No especifica,Class Central,https://open.hpi.de/courses/bayesian-statistics2023,2026-02-08 18:38:54.650784
Introducción a la Computación Cuántica con Qiskit (con IBM Quantum),Hasso Plattner Institute,"STEM y Ciencias Básicas (Cálculo, Física, Programación básica)",Computación Científica,No especifica,Class Central,https://open.hpi.de/courses/qc-qiskit2022,2026-02-08 18:38:54.650784
Protocolo de contexto modelo (MCP),Hugging Face,"STEM y Ciencias Básicas (Cálculo, Física, Programación básica)",General,No especifica,Class Central,https://huggingface.co/learn/mcp-course/unit0/introduction,2026-02-08 18:38:54.650784
Agentes de IA,Hugging Face,Inteligencia Artificial y Machine Learning,Inteligencia Artificial,No especifica,Class Central,https://huggingface.co/learn/agents-course/unit0/introduction,2026-02-08 18:38:54.650784
Aprendizaje por refuerzo profundo,Hugging Face,Inteligencia Artificial y Machine Learning,Inteligencia Artificial,No especifica,Class Central,https://huggingface.co/learn/deep-rl-course/unit0/introduction,2026-02-08 18:38:54.650784
Audio,Hugging Face,"STEM y Ciencias Básicas (Cálculo, Física, Programación básica)",General,No especifica,Class Central,https://huggingface.co/learn/audio-course/chapter0/introduction,2026-02-08 18:38:54.650784
Acelerando el aprendizaje profundo con GPU,IBM,Inteligencia Artificial y Machine Learning,Inteligencia Artificial,No especifica,Class Central,https://www.classcentral.com/course/cognitive-class-accelerating-deep-learning-with-gpus-118534,2026-02-08 18:38:54.650784
Introducción al código abierto,IBM,"STEM y Ciencias Básicas (Cálculo, Física, Programación básica)",General,No especifica,Class Central,https://www.classcentral.com/course/cognitive-class-introduction-to-open-source-118537,2026-02-08 18:38:54.650784
Análisis de texto 101,IBM,"STEM y Ciencias Básicas (Cálculo, Física, Programación básica)",General,No especifica,Class Central,https://www.classcentral.com/course/cognitive-class-text-analytics-101-118546,2026-02-08 18:38:54.650784
Ciencia de datos aplicada con R,IBM,"Ciencia y Análisis de Datos (Data Science, Analytics, SQL)",R,No especifica,Class Central,https://cognitiveclass.ai/learn/data-science-r,2026-02-08 18:38:54.650784
Fundamentos de Big Data,IBM,"Ciencia y Análisis de Datos (Data Science, Analytics, SQL)",Data Analytics / BI,No especifica,Class Central,https://cognitiveclass.ai/learn/big-data,2026-02-08 18:38:54.650784
Python,Kaggle,"Ciencia y Análisis de Datos (Data Science, Analytics, SQL)",Python,5 horas,Class Central,https://www.classcentral.com/course/python-74248,2026-02-08 18:38:54.650784
Introducción a SQL,Kaggle,"Ciencia y Análisis de Datos (Data Science, Analytics, SQL)",SQL / Databases,3 horas,Class Central,https://www.classcentral.com/course/intro-to-sql-74254,2026-02-08 18:38:54.650784
SQL avanzado,Kaggle,"Ciencia y Análisis de Datos (Data Science, Analytics, SQL)",SQL / Databases,4 horas,Class Central,https://www.classcentral.com/course/advanced-sql-74255,2026-02-08 18:38:54.650784
Introducción al aprendizaje profundo,Kaggle,Inteligencia Artificial y Machine Learning,Inteligencia Artificial,4 horas,Class Central,https://www.classcentral.com/course/intro-to-deep-learning-74256,2026-02-08 18:38:54.650784
Limpieza de datos,Kaggle,"Ciencia y Análisis de Datos (Data Science, Analytics, SQL)",Data Analytics / BI,4 horas,Class Central,https://www.classcentral.com/course/data-cleaning-74259,2026-02-08 18:38:54.650784
Serie temporal,Kaggle,"Ciencia y Análisis de Datos (Data Science, Analytics, SQL)",Data Analytics / BI,5 horas,Class Central,https://www.classcentral.com/course/time-series-74258,2026-02-08 18:38:54.650784
Visión por computadora,Kaggle,Inteligencia Artificial y Machine Learning,Inteligencia Artificial,4 horas,Class Central,https://www.classcentral.com/course/computer-vision-74257,2026-02-08 18:38:54.650784
Introducción al aprendizaje automático,Kaggle,Inteligencia Artificial y Machine Learning,Inteligencia Artificial,3 horas,Class Central,https://www.classcentral.com/course/intro-to-machine-learning-74249,2026-02-08 18:38:54.650784
pandas,Kaggle,"Ciencia y Análisis de Datos (Data Science, Analytics, SQL)",Data Analytics / BI,4 horas,Class Central,https://www.classcentral.com/course/pandas-74250,2026-02-08 18:38:54.650784
Visualización de datos,Kaggle,"Ciencia y Análisis de Datos (Data Science, Analytics, SQL)",Data Analytics / BI,4 horas,Class Central,https://www.classcentral.com/course/data-visualization-74252,2026-02-08 18:38:54.650784
Introducción a la ética de la IA,Kaggle,Inteligencia Artificial y Machine Learning,Inteligencia Artificial,4 horas,Class Central,https://www.classcentral.com/course/intro-to-ai-ethics-74260,2026-02-08 18:38:54.650784
Explicabilidad del aprendizaje automático,Kaggle,Inteligencia Artificial y Machine Learning,Inteligencia Artificial,4 horas,Class Central,https://www.classcentral.com/course/machine-learning-explainability-74262,2026-02-08 18:38:54.650784
Ingeniería de características,Kaggle,"Ciencia y Análisis de Datos (Data Science, Analytics, SQL)",Data Analytics / BI,5 horas,Class Central,https://www.classcentral.com/course/feature-engineering-74253,2026-02-08 18:38:54.650784
Aprendizaje automático intermedio,Kaggle,Inteligencia Artificial y Machine Learning,Inteligencia Artificial,4 horas,Class Central,https://www.classcentral.com/course/intermediate-machine-learning-74251,2026-02-08 18:38:54.650784
Introducción a la IA de juegos y el aprendizaje por refuerzo,Kaggle,Inteligencia Artificial y Machine Learning,Inteligencia Artificial,4 horas,Class Central,https://www.classcentral.com/course/intro-to-game-ai-and-reinforcement-learning-74263,2026-02-08 18:38:54.650784
Fundamentos de programación: fundamentos,LinkedIn Learning,Desarrollo de Software y Web,Desarrollo de Software / Web,3 horas 11 minutos,Class Central,https://www.classcentral.com/course/linkedin-learning-programming-foundations-fundamentals-60929,2026-02-08 18:38:54.650784
Fundamentos de programación: más allá de los fundamentos,LinkedIn Learning,Desarrollo de Software y Web,Desarrollo de Software / Web,3 horas 7 minutos,Class Central,https://www.classcentral.com/course/linkedin-learning-programming-foundations-beyond-the-fundamentals-78621,2026-02-08 18:38:54.650784
Análisis de datos de aprendizaje: 1 fundamentos,LinkedIn Learning,Inteligencia Artificial y Machine Learning,Inteligencia Artificial,3 horas 29 minutos,Class Central,https://www.classcentral.com/course/linkedin-learning-learning-data-analytics-1-foundations-60916,2026-02-08 18:38:54.650784
Aprendizaje de la ciencia de datos: comprensión de los conceptos básicos,LinkedIn Learning,Inteligencia Artificial y Machine Learning,Inteligencia Artificial,1 hora 16 minutos,Class Central,https://www.classcentral.com/course/linkedin-learning-learning-data-science-understanding-the-basics-77418,2026-02-08 18:38:54.650784
El panorama de amenazas a la ciberseguridad,LinkedIn Learning,"Redes, Ciberseguridad e Infraestructura",Ciberseguridad,1 hora 8 minutos,Class Central,https://www.classcentral.com/course/linkedin-learning-the-cybersecurity-threat-landscape-31437,2026-02-08 18:38:54.650784
Onramp de MATLAB,MATLAB,"STEM y Ciencias Básicas (Cálculo, Física, Programación básica)",Computación Científica,2 horas,Class Central,https://www.classcentral.com/course/matlab-onramp-94369,2026-02-08 18:38:54.650784
Onramp al aprendizaje automático,MATLAB,Inteligencia Artificial y Machine Learning,Inteligencia Artificial,2 horas,Class Central,https://www.classcentral.com/course/machine-learning-onramp-94372,2026-02-08 18:38:54.650784
Onramp al aprendizaje por refuerzo,MATLAB,Inteligencia Artificial y Machine Learning,Inteligencia Artificial,3 horas,Class Central,https://www.classcentral.com/course/reinforcement-learning-onramp-94374,2026-02-08 18:38:54.650784
Onramp al procesamiento de señales,MATLAB,"STEM y Ciencias Básicas (Cálculo, Física, Programación básica)",Computación Científica,1 hora,Class Central,https://www.classcentral.com/course/signal-processing-onramp-94376,2026-02-08 18:38:54.650784
Onramp de Stateflow,MATLAB,"STEM y Ciencias Básicas (Cálculo, Física, Programación básica)",Computación Científica,2 horas,Class Central,https://www.classcentral.com/course/stateflow-onramp-94379,2026-02-08 18:38:54.650784
Onramp de simulación de circuito,MATLAB,"STEM y Ciencias Básicas (Cálculo, Física, Programación básica)",Computación Científica,2 horas,Class Central,https://www.classcentral.com/course/circuit-simulation-onramp-94371,2026-02-08 18:38:54.650784
Acceso al aprendizaje profundo,MATLAB,Inteligencia Artificial y Machine Learning,Inteligencia Artificial,2 horas,Class Central,https://www.classcentral.com/course/deep-learning-onramp-94373,2026-02-08 18:38:54.650784
Onramp a las comunicaciones inalámbricas,MATLAB,"STEM y Ciencias Básicas (Cálculo, Física, Programación básica)",Computación Científica,1 hora,Class Central,https://www.classcentral.com/course/wireless-communications-onramp-94377,2026-02-08 18:38:54.650784
Onramp a Simscape,MATLAB,"STEM y Ciencias Básicas (Cálculo, Física, Programación básica)",Computación Científica,1 hora,Class Central,https://www.classcentral.com/course/simscape-onramp-94378,2026-02-08 18:38:54.650784
Rampa de optimización,MATLAB,"STEM y Ciencias Básicas (Cálculo, Física, Programación básica)",General,1 hora,Class Central,https://www.classcentral.com/course/optimization-onramp-94381,2026-02-08 18:38:54.650784
Acceso a la creación de aplicaciones,MATLAB,"STEM y Ciencias Básicas (Cálculo, Física, Programación básica)",General,No especifica,Class Central,https://www.classcentral.com/course/matlab-academy-app-building-onramp-202457,2026-02-08 18:38:54.650784
Acceso a la programación orientada a objetos,MATLAB,Desarrollo de Software y Web,Desarrollo de Software / Web,No especifica,Class Central,https://www.classcentral.com/course/matlab-academy-object-oriented-programming-onramp-202458,2026-02-08 18:38:54.650784
Onramp a la visión por computadora,MATLAB,Inteligencia Artificial y Machine Learning,Inteligencia Artificial,No especifica,Class Central,https://www.classcentral.com/course/matlab-academy-computer-vision-onramp-202459,2026-02-08 18:38:54.650784
Onramp de Simulink,MATLAB,"STEM y Ciencias Básicas (Cálculo, Física, Programación básica)",Computación Científica,2 horas,Class Central,https://www.classcentral.com/course/simulink-onramp-94370,2026-02-08 18:38:54.650784
Controle la Onramp al diseño con Simulink,MATLAB,"STEM y Ciencias Básicas (Cálculo, Física, Programación básica)",Computación Científica,1 hora,Class Central,https://www.classcentral.com/course/control-design-onramp-with-simulink-94380,2026-02-08 18:38:54.650784
Onramp del compositor del sistema,MATLAB,"STEM y Ciencias Básicas (Cálculo, Física, Programación básica)",Computación Científica,1 hora,Class Central,https://www.classcentral.com/course/matlab-academy-system-composer-onramp-299847,2026-02-08 18:38:54.650784
Onramp de simulación de sistemas de energía,MATLAB,"STEM y Ciencias Básicas (Cálculo, Física, Programación básica)",Computación Científica,1-2 horas,Class Central,https://www.classcentral.com/course/matlab-academy-power-systems-simulation-onramp-299849,2026-02-08 18:38:54.650784
Curso SEO On-Page y Técnico,Semrush Academy,"Ciencia y Análisis de Datos (Data Science, Analytics, SQL)",Data Analytics / BI,No especifica,Class Central,https://www.classcentral.com/course/semrush-on-page-and-technical-seo-course-62159,2026-02-08 18:38:54.650784
Curso de SEO móvil con Greg Gifford,Semrush Academy,"Ciencia y Análisis de Datos (Data Science, Analytics, SQL)",Data Analytics / BI,40 minutos,Class Central,https://www.classcentral.com/course/semrush-mobile-seo-course-with-greg-gifford-97645,2026-02-08 18:38:54.650784
Curso técnico de SEO con Bastian Grimm,Semrush Academy,"Ciencia y Análisis de Datos (Data Science, Analytics, SQL)",Data Analytics / BI,3 horas 3 minutos,Class Central,https://www.classcentral.com/course/semrush-technical-seo-course-with-bastian-grimm-62160,2026-02-08 18:38:54.650784
Curso intensivo de SEO de SEMrush con Brian Dean,Semrush Academy,"Ciencia y Análisis de Datos (Data Science, Analytics, SQL)",Data Analytics / BI,51 minutos,Class Central,https://www.classcentral.com/course/semrush-semrush-seo-crash-course-with-brian-dean-97639,2026-02-08 18:38:54.650784
Elementos de la IA,University of Helsinki,Inteligencia Artificial y Machine Learning,Inteligencia Artificial,"6 semanas, 5-10 horas a la semana",Class Central,https://www.classcentral.com/course/independent-elements-of-ai-12469,2026-02-08 18:38:54.650784
Pila completa abierta,University of Helsinki,Desarrollo de Software y Web,Desarrollo de Software / Web,"12-13 semanas, 15-20 horas semanales",Class Central,https://www.classcentral.com/course/fullstackopen-deep-dive-into-modern-web-development-66418,2026-02-08 18:38:54.650784
Programación Java,University of Helsinki,Desarrollo de Software y Web,Desarrollo de Software / Web,"7-14 semanas, 5-10 horas a la semana",Class Central,https://www.classcentral.com/course/mooc-fi-java-programming-89476,2026-02-08 18:38:54.650784
Base de seguridad cibernética,University of Helsinki,"Redes, Ciberseguridad e Infraestructura",Ciberseguridad,6-20 horas,Class Central,https://www.classcentral.com/course/helsinki-cyber-security-base-2022-98595,2026-02-08 18:38:54.650784
Ética de la IA,University of Helsinki,Inteligencia Artificial y Machine Learning,Inteligencia Artificial,No especifica,Class Central,https://www.classcentral.com/course/helsinki-ethics-of-ai-98596,2026-02-08 18:38:54.650784
Programación con Python: Introducción para principiantes,upGrad,"Ciencia y Análisis de Datos (Data Science, Analytics, SQL)",Python,No especifica,Class Central,https://www.upgrad.com/be/data-science-free-course/,2026-02-08 18:38:54.650784
Introducción al procesamiento del lenguaje natural,upGrad,Inteligencia Artificial y Machine Learning,Inteligencia Artificial,No especifica,Class Central,https://www.upgrad.com/be/data-science-free-course/,2026-02-08 18:38:54.650784
Introducción al análisis de datos usando Excel,upGrad,"Ofimática y Productividad (Excel, Power BI, Office)",Excel,No especifica,Class Central,https://www.upgrad.com/be/data-science-free-course/,2026-02-08 18:38:54.650784
Introducción al diseño de bases de datos con MySQL,upGrad,"Ciencia y Análisis de Datos (Data Science, Analytics, SQL)",SQL / Databases,No especifica,Class Central,https://www.upgrad.com/be/data-science-free-course/,2026-02-08 18:38:54.650784
Ciencia de datos en el comercio electrónico,upGrad,"Ciencia y Análisis de Datos (Data Science, Analytics, SQL)",Ciencia de Datos,No especifica,Class Central,https://www.upgrad.com/be/data-science-free-course/,2026-02-08 18:38:54.650784
Introducción a las NFT,upGrad,"Ofimática y Productividad (Excel, Power BI, Office)",Blockchain,No especifica,Class Central,https://www.upgrad.com/cn/free-courses/,2026-02-08 18:38:54.650784
Cibercapacidades en el sector sanitario,upGrad,"STEM y Ciencias Básicas (Cálculo, Física, Programación básica)",General,No especifica,Class Central,https://www.upgrad.com/cn/free-courses/,2026-02-08 18:38:54.650784
Conceptos básicos de Java,upGrad,Desarrollo de Software y Web,Desarrollo de Software / Web,No especifica,Class Central,https://www.upgrad.com/cn/free-courses/,2026-02-08 18:38:54.650784
Introducción a la tecnología Blockchain,upGrad,"Ofimática y Productividad (Excel, Power BI, Office)",Blockchain,No especifica,Class Central,https://www.upgrad.com/cn/free-courses/,2026-02-08 18:38:54.650784
Habilidades digitales: Habilidades digitales para el trabajo y la vida,FutureLearn,"STEM y Ciencias Básicas (Cálculo, Física, Programación básica)",General,"2 semanas, 1 hora a la semana",Class Central,https://www.classcentral.com/course/digital-skills-for-work-and-life-9776,2026-02-08 18:38:54.650784
Habilidades digitales: marketing digital,FutureLearn,"Ciencia y Análisis de Datos (Data Science, Analytics, SQL)",Data Analytics / BI,"2 semanas, 2 horas a la semana",Class Central,https://www.classcentral.com/course/digital-skills-digital-marketing-9778,2026-02-08 18:38:54.650784
Habilidades digitales: redes sociales,FutureLearn,"Redes, Ciberseguridad e Infraestructura",Infraestructura y Redes,"2 semanas, 1 hora a la semana",Class Central,https://www.classcentral.com/course/digital-skills-social-media-9777,2026-02-08 18:38:54.650784
Habilidades Digitales: Inteligencia Artificial,FutureLearn,"STEM y Ciencias Básicas (Cálculo, Física, Programación básica)",General,3 semanas,Class Central,https://www.classcentral.com/course/artificial-intelligence-16995,2026-02-08 18:38:54.650784
Habilidades digitales: experiencia de usuario,FutureLearn,Desarrollo de Software y Web,Diseño UX/UI,"3 semanas, 2 horas a la semana",Class Central,https://www.classcentral.com/course/digital-skills-user-experience-9780,2026-02-08 18:38:54.650784
"Introducción a la Realidad Virtual, Aumentada y Mixta",FutureLearn,"STEM y Ciencias Básicas (Cálculo, Física, Programación básica)",General,"2 semanas, 2 horas a la semana",Class Central,https://www.classcentral.com/course/introduction-to-virtual-reality-20088,2026-02-08 18:38:54.650784
Habilidades digitales: reinvente su carrera,FutureLearn,"STEM y Ciencias Básicas (Cálculo, Física, Programación básica)",General,"3 semanas, 2 horas a la semana",Class Central,https://www.classcentral.com/course/digital-skills-reimagine-your-career-55982,2026-02-08 18:38:54.650784
Habilidades digitales: Móvil,FutureLearn,"STEM y Ciencias Básicas (Cálculo, Física, Programación básica)",General,"2 semanas, 2 horas a la semana",Class Central,https://www.classcentral.com/course/digital-skills-mobile-9782,2026-02-08 18:38:54.650784
Habilidades digitales: análisis web,FutureLearn,Desarrollo de Software y Web,Desarrollo de Software / Web,"3 semanas, 3 horas a la semana",Class Central,https://www.classcentral.com/course/digital-skill-web-analytics-199253,2026-02-08 18:38:54.650784
Curso interactivo completo de introducción a Wolfram Language,Wolfram U,"STEM y Ciencias Básicas (Cálculo, Física, Programación básica)",Computación Científica,7 horas,Class Central,https://www.classcentral.com/course/wolfram-u-wolfram-language-an-elementary-introduction-to-the-wolfram-language-292967,2026-02-08 18:38:54.650784
Inicio rápido del curso Wolfram Tech,Wolfram U,"STEM y Ciencias Básicas (Cálculo, Física, Programación básica)",Computación Científica,2 horas,Class Central,https://www.classcentral.com/course/wolfram-u-wolfram-language-quick-start-wolfram-tech-wl101-292968,2026-02-08 18:38:54.650784
Competencia en programación en Wolfram Language,Wolfram U,Desarrollo de Software y Web,Desarrollo de Software / Web,8 horas,Class Central,https://www.classcentral.com/course/wolfram-u-programming-applications-wolfram-language-programming-proficiency-dev810-292991,2026-02-08 18:38:54.650784
Fundamentos de programación de Wolfram Language,Wolfram U,Desarrollo de Software y Web,Desarrollo de Software / Web,3 horas,Class Central,https://www.classcentral.com/course/wolfram-u-programming-applications-programming-fundamentals-dev210-293003,2026-02-08 18:38:54.650784
Curso de guía para la programación,Wolfram U,Desarrollo de Software y Web,Desarrollo de Software / Web,4 horas,Class Central,https://www.classcentral.com/course/wolfram-u-programming-applications-guide-to-programming-293004,2026-02-08 18:38:54.650784
Programación práctica con Wolfram Language,Wolfram U,Desarrollo de Software y Web,Desarrollo de Software / Web,2 horas,Class Central,https://www.classcentral.com/course/wolfram-u-programming-applications-practical-programming-dev211-293057,2026-02-08 18:38:54.650784
Serie de vídeos de introducción rápida a Wolfram Language para programadores,Wolfram U,"STEM y Ciencias Básicas (Cálculo, Física, Programación básica)",Computación Científica,1 hora,Class Central,https://www.classcentral.com/course/wolfram-u-programming-applications-fast-introduction-for-programmers-dev901-293055,2026-02-08 18:38:54.650784
Curso dirigido por un instructor de programación y desarrollo en Wolfram Language,Wolfram U,Desarrollo de Software y Web,Desarrollo de Software / Web,3 horas,Class Central,https://www.classcentral.com/course/wolfram-u-programming-applications-programming-and-development-dev212-293096,2026-02-08 18:38:54.650784
Introducción a Mathematica y Wolfram Language: Grupos de estudio diarios Wolfram,Wolfram U,"STEM y Ciencias Básicas (Cálculo, Física, Programación básica)",Computación Científica,5 horas,Class Central,https://www.classcentral.com/course/wolfram-u-wolfram-language-getting-started-wsg-293174,2026-02-08 18:38:54.650784
Conferencias de la escuela de verano Wolfram: curso en línea,Wolfram U,"STEM y Ciencias Básicas (Cálculo, Física, Programación básica)",Computación Científica,1 día 6 horas,Class Central,https://www.classcentral.com/course/wolfram-u-wolfram-language-summer-school-lectures-293144,2026-02-08 18:38:54.650784
Curso de exploraciones visuales en ciencia de datos,Wolfram U,"Ciencia y Análisis de Datos (Data Science, Analytics, SQL)",Ciencia de Datos,3 horas,Class Central,https://www.classcentral.com/course/wolfram-u-data-science-visual-explorations-in-data-science-292984,2026-02-08 18:38:54.650784
"Ciencia de datos multiparadigma, curso interactivo en vídeo en línea",Wolfram U,"Ciencia y Análisis de Datos (Data Science, Analytics, SQL)",Ciencia de Datos,3 horas,Class Central,https://www.classcentral.com/course/wolfram-u-data-science-multiparadigm-data-science-293001,2026-02-08 18:38:54.650784
Introducción al aprendizaje automático,Wolfram U,Inteligencia Artificial y Machine Learning,Inteligencia Artificial,2 horas,Class Central,https://www.classcentral.com/course/wolfram-u-machine-learning-introduction-to-machine-learning-ml201-293017,2026-02-08 18:38:54.650784
Introducción a las redes neuronales en la clase de Wolfram Language,Wolfram U,Inteligencia Artificial y Machine Learning,Inteligencia Artificial,2 horas,Class Central,https://www.classcentral.com/course/wolfram-u-machine-learning-neural-networks-introduction-wolfram-language-ml202-293018,2026-02-08 18:38:54.650784
Visualización de datos con Wolfram Language,Wolfram U,"Ciencia y Análisis de Datos (Data Science, Analytics, SQL)",Data Analytics / BI,2 horas,Class Central,https://www.classcentral.com/course/wolfram-u-visualization-graphics-data-visualization-wolfram-language-vis201-293054,2026-02-08 18:38:54.650784
Curso dirigido por un instructor de Wolfram Language y LLM,Wolfram U,"STEM y Ciencias Básicas (Cálculo, Física, Programación básica)",Computación Científica,2 horas,Class Central,https://www.classcentral.com/course/wolfram-u-machine-learning-wolfram-tools-for-llms-ml215-293027,2026-02-08 18:38:54.650784
Exploraciones computacionales,Wolfram U,"STEM y Ciencias Básicas (Cálculo, Física, Programación básica)",General,1 hora,Class Central,https://www.classcentral.com/course/wolfram-u-computational-thinking-computational-xplorations-wl100-293006,2026-02-08 18:38:54.650784
"Computación creativa, curso en vídeo online",Wolfram U,"STEM y Ciencias Básicas (Cálculo, Física, Programación básica)",Computación Científica,2 horas,Class Central,https://www.classcentral.com/course/wolfram-u-computational-thinking-creative-computation-293015,2026-02-08 18:38:54.650784
"Introducción a los cuadernos, curso interactivo en vídeo online",Wolfram U,"STEM y Ciencias Básicas (Cálculo, Física, Programación básica)",General,2 horas,Class Central,https://www.classcentral.com/course/wolfram-u-notebooks-introduction-to-notebooks-293002,2026-02-08 18:38:54.650784
Cuadernos como herramientas de instrucción: curso dirigido por un instructor de Wolfram U,Wolfram U,"STEM y Ciencias Básicas (Cálculo, Física, Programación básica)",Computación Científica,2 horas,Class Central,https://www.classcentral.com/course/wolfram-u-notebooks-notebooks-as-instructional-tools-nb102-293019,2026-02-08 18:38:54.650784
Cuadernos Wolfram: creación y uso compartido de flujos de trabajo técnicos,Wolfram U,"STEM y Ciencias Básicas (Cálculo, Física, Programación básica)",Computación Científica,2 horas,Class Central,https://www.classcentral.com/course/wolfram-u-notebooks-building-and-sharing-technical-workflows-nb101-293026,2026-02-08 18:38:54.650784
"Introducción al procesamiento de imágenes, curso interactivo en vídeo en línea",Wolfram U,"STEM y Ciencias Básicas (Cálculo, Física, Programación básica)",General,3 horas,Class Central,https://www.classcentral.com/course/wolfram-u-image-signal-processing-introduction-to-image-processing-293012,2026-02-08 18:38:54.650784
"Curso de Señales, Sistemas y Procesado de Señales",Wolfram U,"STEM y Ciencias Básicas (Cálculo, Física, Programación básica)",General,10 horas,Class Central,https://www.classcentral.com/course/wolfram-u-image-signal-processing-signals-systems-and-signal-processing-293072,2026-02-08 18:38:54.650784
Comunicación de datos y tecnología de redes,Huawei del Perú,"Redes, Ciberseguridad e Infraestructura",Infraestructura y Redes,83 Horas,Capacíta-T,https://capacitacionlaboral.trabajo.gob.pe/cursos/comunicacion-de-datos-y-tecnologia-de-redes/,2026-02-08 18:38:54.650784
Representación de la información y organización de los datos,Huawei del Perú,"STEM y Ciencias Básicas (Cálculo, Física, Programación básica)",General,2 Horas,Capacíta-T,https://capacitacionlaboral.trabajo.gob.pe/cursos/representacion-de-la-informacion-y-organizacion-de-los-datos/,2026-02-08 18:38:54.650784
Curso de Redes de Computadoras,Huawei del Perú,"Redes, Ciberseguridad e Infraestructura",Infraestructura y Redes,2 Horas,Capacíta-T,https://capacitacionlaboral.trabajo.gob.pe/cursos/curso-de-redes-de-computadoras/,2026-02-08 18:38:54.650784
Desarrollo Back-End (Nivel básico),MTPE,"STEM y Ciencias Básicas (Cálculo, Física, Programación básica)",General,30 Horas,Capacíta-T,https://capacitacionlaboral.trabajo.gob.pe/cursos/desarrollo-back-end-nivel-basico/,2026-02-08 18:38:54.650784
Desarrollo Front-End (Nivel básico),MTPE,Desarrollo de Software y Web,Desarrollo de Software / Web,30 Horas,Capacíta-T,https://capacitacionlaboral.trabajo.gob.pe/cursos/desarrollo-front-end-nivel-basico/,2026-02-08 18:38:54.650784
Computación fácil para la vida diaria,Fundación Romero,"STEM y Ciencias Básicas (Cálculo, Física, Programación básica)",Computación Científica,20 Horas,Capacíta-T,https://capacitacionlaboral.trabajo.gob.pe/cursos/computacion-facil-para-la-vida-diaria/,2026-02-08 18:38:54.650784
Excel básico,Fundación Romero,"Ofimática y Productividad (Excel, Power BI, Office)",Excel,1.5 Horas,Capacíta-T,https://capacitacionlaboral.trabajo.gob.pe/cursos/excel-basico/,2026-02-08 18:38:54.650784
Excel intermedio,Fundación Romero,"Ofimática y Productividad (Excel, Power BI, Office)",Excel,2 Horas,Capacíta-T,https://capacitacionlaboral.trabajo.gob.pe/cursos/excel-intermedio/,2026-02-08 18:38:54.650784
Word básico,Fundación Romero,"Ofimática y Productividad (Excel, Power BI, Office)",Microsoft Office,1 Horas,Capacíta-T,https://capacitacionlaboral.trabajo.gob.pe/cursos/word-basico/,2026-02-08 18:38:54.650784
Word intermedio,Fundación Romero,"Ofimática y Productividad (Excel, Power BI, Office)",Microsoft Office,2 Horas,Capacíta-T,https://capacitacionlaboral.trabajo.gob.pe/cursos/word-intermedio/,2026-02-08 18:38:54.650784
PowerPoint básico,Fundación Romero,"Ofimática y Productividad (Excel, Power BI, Office)",Microsoft Office,6 Horas,Capacíta-T,https://capacitacionlaboral.trabajo.gob.pe/cursos/powerpoint-basico/,2026-02-08 18:38:54.650784
PowerPoint intermedio,Fundación Romero,"Ofimática y Productividad (Excel, Power BI, Office)",Microsoft Office,0.7 Horas,Capacíta-T,https://capacitacionlaboral.trabajo.gob.pe/cursos/powerpoint-intermedio/,2026-02-08 18:38:54.650784
Análisis de datos con Power BI,Fundación Romero,"Ciencia y Análisis de Datos (Data Science, Analytics, SQL)",Power BI,10 Horas,Capacíta-T,https://capacitacionlaboral.trabajo.gob.pe/cursos/analisis-de-datos-con-power-bi/,2026-02-08 18:38:54.650784
Introducción al Power BI,Fundación Romero,"Ciencia y Análisis de Datos (Data Science, Analytics, SQL)",Power BI,0.33 Horas,Capacíta-T,https://capacitacionlaboral.trabajo.gob.pe/cursos/introduccion-al-power-bi/,2026-02-08 18:38:54.650784
Basic A1 (Inglés básico – Nivel A1),Fundación Romero,"Ofimática y Productividad (Excel, Power BI, Office)",Inglés Técnico,2 Horas,Capacíta-T,https://capacitacionlaboral.trabajo.gob.pe/cursos/basic-a1-ingles-basico-nivel-a1/,2026-02-08 18:38:54.650784
Inglés básico para el trabajo (nivel A1),MTPE,"Ofimática y Productividad (Excel, Power BI, Office)",Inglés Técnico,20 Horas,Capacíta-T,https://capacitacionlaboral.trabajo.gob.pe/cursos/ingles-basico-para-el-trabajo-nivel-a1/,2026-02-08 18:38:54.650784
English for IT 1,Cisco,"Ofimática y Productividad (Excel, Power BI, Office)",Inglés Técnico,50 Horas,Capacíta-T,https://capacitacionlaboral.trabajo.gob.pe/cursos/english-for-it-1/,2026-02-08 18:38:54.650784
English for IT 2,Cisco,"Ofimática y Productividad (Excel, Power BI, Office)",Inglés Técnico,50 Horas,Capacíta-T,https://capacitacionlaboral.trabajo.gob.pe/cursos/english-for-it-2/,2026-02-08 18:38:54.650784
Curso HCIA-AI V3.5,Huawei del Perú,Inteligencia Artificial y Machine Learning,Inteligencia Artificial,10 Horas,Capacíta-T,https://capacitacionlaboral.trabajo.gob.pe/cursos/curso-hcia-ai-v3-5/,2026-02-08 18:38:54.650784
Cloud Advanced: Arquitectura y Tecnologías,Huawei del Perú,"Redes, Ciberseguridad e Infraestructura",Infraestructura y Redes,2 Horas,Capacíta-T,https://capacitacionlaboral.trabajo.gob.pe/cursos/cloud-advanced-arquitectura-y-tecnologias/,2026-02-08 18:38:54.650784
Búsqueda e IA,Huawei del Perú,Inteligencia Artificial y Machine Learning,Inteligencia Artificial,2 Horas,Capacíta-T,https://capacitacionlaboral.trabajo.gob.pe/cursos/busqueda-e-ia/,2026-02-08 18:38:54.650784
Descripción General de la IA,Huawei del Perú,Inteligencia Artificial y Machine Learning,Inteligencia Artificial,1 Horas,Capacíta-T,https://capacitacionlaboral.trabajo.gob.pe/cursos/ai-basics-overview-of-ai/,2026-02-08 18:38:54.650784
Conceptos básicos de la nube,Huawei del Perú,"Redes, Ciberseguridad e Infraestructura",Infraestructura y Redes,1 Horas,Capacíta-T,https://capacitacionlaboral.trabajo.gob.pe/cursos/conceptos-basicos-de-la-nube-desarrollo-y-conceptos-basicos/,2026-02-08 18:38:54.650784
Introduction to Modern AI,Cisco,Inteligencia Artificial y Machine Learning,Inteligencia Artificial,6 Horas,Capacíta-T,https://capacitacionlaboral.trabajo.gob.pe/cursos/introduction-to-modern-ai/,2026-02-08 18:38:54.650784
Fundamentos de IA (IBM SkillsBuild),Cisco,Inteligencia Artificial y Machine Learning,Inteligencia Artificial,10 Horas,Capacíta-T,https://capacitacionlaboral.trabajo.gob.pe/cursos/fundamentos-de-ia-con-ibm-skillsbuild/,2026-02-08 18:38:54.650784
Introducción a la ciencia de datos,Cisco,"Ciencia y Análisis de Datos (Data Science, Analytics, SQL)",Ciencia de Datos,6 Horas,Capacíta-T,https://capacitacionlaboral.trabajo.gob.pe/cursos/introduccion-a-la-ciencia-de-datos/,2026-02-08 18:38:54.650784
Conceptos básicos de redes,Cisco,"Redes, Ciberseguridad e Infraestructura",Infraestructura y Redes,22 Horas,Capacíta-T,https://capacitacionlaboral.trabajo.gob.pe/cursos/conceptos-basicos-de-redes/,2026-02-08 18:38:54.650784
Effective Business Presentations,Fundación Romero,"STEM y Ciencias Básicas (Cálculo, Física, Programación básica)",General,1 Horas,Capacíta-T,https://capacitacionlaboral.trabajo.gob.pe/cursos/effective-business-presentations/,2026-02-08 18:38:54.650784
ABC Digital,MTPE,"STEM y Ciencias Básicas (Cálculo, Física, Programación básica)",General,4.5 Horas,Capacíta-T,https://capacitacionlaboral.trabajo.gob.pe/cursos/abc-digital/,2026-02-08 18:38:54.650784
Excel Avanzado,Fundación Telefónica,"Ofimática y Productividad (Excel, Power BI, Office)",Excel,30 Horas,Conecta Empleo,https://conectaempleo-formacion.fundaciontelefonica.com/web/gl-excel-avanzado-ft-ed-5/,2026-02-08 18:38:54.650784
Office Básico,Fundación Telefónica,"Ofimática y Productividad (Excel, Power BI, Office)",Microsoft Office,40 Horas,Conecta Empleo,https://conectaempleo-formacion.fundaciontelefonica.com/web/gl-office-basico-ft-ed-5/,2026-02-08 18:38:54.650784
Office Intermedio,Fundación Telefónica,"Ofimática y Productividad (Excel, Power BI, Office)",Microsoft Office,40 Horas,Conecta Empleo,https://conectaempleo-formacion.fundaciontelefonica.com/web/gl-office-intermedio-ft-ed-5/,2026-02-08 18:38:54.650784
Introducción a la Programación,Fundación Telefónica,Desarrollo de Software y Web,Desarrollo de Software / Web,30 Horas,Conecta Empleo,https://conectaempleo-formacion.fundaciontelefonica.com/web/gl-introduccion-a-la-programacion-ft-ed-10/,2026-02-08 18:38:54.650784
Programación con JavaScript,Fundación Telefónica,Desarrollo de Software y Web,Desarrollo de Software / Web,40 Horas,Conecta Empleo,https://conectaempleo-formacion.fundaciontelefonica.com/web/gl-programacion-con-javascript-ft-ed-8/,2026-02-08 18:38:54.650784
Programación con Java Standard,Fundación Telefónica,Desarrollo de Software y Web,Desarrollo de Software / Web,40 Horas,Conecta Empleo,https://conectaempleo-formacion.fundaciontelefonica.com/web/gl-programacion-con-java-standard-ft-ed-10/,2026-02-08 18:38:54.650784
Principios básicos de Big Data,Fundación Telefónica,"Ciencia y Análisis de Datos (Data Science, Analytics, SQL)",Data Analytics / BI,20 Horas,Conecta Empleo,https://conectaempleo-formacion.fundaciontelefonica.com/web/gl-principios-basicos-de-big-data-ft-ed-7/,2026-02-08 18:38:54.650784
Principios básicos de Internet de las cosas,Fundación Telefónica,"STEM y Ciencias Básicas (Cálculo, Física, Programación básica)",General,20 Horas,Conecta Empleo,https://conectaempleo-formacion.fundaciontelefonica.com/web/gl-principios-basicos-de-internet-de-las-cosas-ft-ed-7/,2026-02-08 18:38:54.650784
Tecnologías 4.0,Fundación Telefónica,"STEM y Ciencias Básicas (Cálculo, Física, Programación básica)",General,20 Horas,Conecta Empleo,https://conectaempleo-formacion.fundaciontelefonica.com/web/gl-tecnologias-4-0-ft-ed-7/,2026-02-08 18:38:54.650784
Analítica Web,Fundación Telefónica,"Ciencia y Análisis de Datos (Data Science, Analytics, SQL)",Data Analytics / BI,30 Horas,Conecta Empleo,https://conectaempleo-formacion.fundaciontelefonica.com/web/gl-analitica-web-ft-ed-10/,2026-02-08 18:38:54.650784
Fundamentos de UX,Fundación Telefónica,Desarrollo de Software y Web,Diseño UX/UI,30 Horas,Conecta Empleo,https://conectaempleo-formacion.fundaciontelefonica.com/web/gl-fundamentos-de-ux-ft-ed-5/,2026-02-08 18:38:54.650784
Introducción a la Seguridad de la Información,Fundación Telefónica,"Redes, Ciberseguridad e Infraestructura",Ciberseguridad,30 Horas,Conecta Empleo,https://conectaempleo-formacion.fundaciontelefonica.com/web/gl-introduccion-a-la-seguridad-de-la-informacion-ft-ed-4/,2026-02-08 18:38:54.650784
